varnumber,varname,codevalue,valuelabel,frequency,percent
10361,PEO1ISTR,1,Yes,"4,448",63.13
10361,PEO1ISTR,0,Implied no,"2,598",36.87
10366,PEO2ISTR,1,Yes,"4,860",68.98
10366,PEO2ISTR,0,Implied no,"2,186",31.02
10371,PEO3ISTR,1,Yes,847,12.02
10371,PEO3ISTR,0,Implied no,"2,298",32.61
10371,PEO3ISTR,-2,Not applicable,"3,901",55.36
10376,PEO4ISTR,1,Yes,"1,094",15.53
10376,PEO4ISTR,0,Implied no,"5,952",84.47
10381,PEO5ISTR,1,Yes,"1,255",17.81
10381,PEO5ISTR,0,Implied no,"5,791",82.19
10386,PEO6ISTR,1,Yes,372,5.28
10386,PEO6ISTR,0,Implied no,"6,674",94.72
10391,CNTLAFFI,1,Public,"2,063",29.28
10391,CNTLAFFI,2,Private for-profit,"3,037",43.1
10391,CNTLAFFI,3,Private not-for-profit (no religious affiliation),1019,14.46
10391,CNTLAFFI,4,Private not-for-profit (religious affiliation),927,13.16
10396,PUBPRIME,1,Federal,17,0.24
10396,PUBPRIME,2,State,1536,21.8
10396,PUBPRIME,3,Territorial,8,0.11
10396,PUBPRIME,4,School district,235,3.34
10396,PUBPRIME,5,County,92,1.31
10396,PUBPRIME,7,City,13,0.18
10396,PUBPRIME,8,Special district,114,1.62
10396,PUBPRIME,9,Other,48,0.68
10396,PUBPRIME,-2,Not applicable,4983,70.72
10401,PUBSECON,1,Federal,16,0.23
10401,PUBSECON,2,State,142,2.02
10401,PUBSECON,3,Territorial,8,0.11
10401,PUBSECON,4,School district,83,1.18
10401,PUBSECON,5,County,54,0.77
10401,PUBSECON,6,Township,1,0.01
10401,PUBSECON,7,City,5,0.07
10401,PUBSECON,8,Special district,23,0.33
10401,PUBSECON,9,Other,40,0.57
10401,PUBSECON,0,Implied no,1689,23.97
10401,PUBSECON,-1,Not reported,2,0.03
10401,PUBSECON,-2,Not applicable,4983,70.72
10406,RELAFFIL,51,African Methodist Episcopal,6,0.09
10406,RELAFFIL,24,African Methodist Episcopal Zion Church,3,0.04
10406,RELAFFIL,52,American Baptist,19,0.27
10406,RELAFFIL,22,American Evangelical Lutheran Church,1,0.01
10406,RELAFFIL,27,Assemblies of God Church,14,0.2
10406,RELAFFIL,54,Baptist,66,0.94
10406,RELAFFIL,28,Brethren Church,3,0.04
10406,RELAFFIL,34,Christ and Missionary Alliance Church,4,0.06
10406,RELAFFIL,61,Christian Church (Disciples of Christ),18,0.26
10406,RELAFFIL,48,Christian Churches and Churches of Christ,17,0.24
10406,RELAFFIL,55,Christian Methodist Episcopal,4,0.06
10406,RELAFFIL,35,Christian Reformed Church,3,0.04
10406,RELAFFIL,58,Church of Brethren,6,0.09
10406,RELAFFIL,57,Church of God,10,0.14
10406,RELAFFIL,59,Church of the Nazarene,10,0.14
10406,RELAFFIL,74,Churches of Christ,18,0.26
10406,RELAFFIL,60,Cumberland Presbyterian,2,0.03
10406,RELAFFIL,50,"Episcopal Church, Reformed",2,0.03
10406,RELAFFIL,102,Evangelical Christian,3,0.04
10406,RELAFFIL,36,Evangelical Congregational Church,1,0.01
10406,RELAFFIL,37,Evangelical Covenant Church of America,2,0.03
10406,RELAFFIL,38,Evangelical Free Church of America,2,0.03
10406,RELAFFIL,39,Evangelical Lutheran Church,28,0.4
10406,RELAFFIL,64,Free Methodist,5,0.07
10406,RELAFFIL,41,Free Will Baptist Church,3,0.04
10406,RELAFFIL,65,Friends,7,0.1
10406,RELAFFIL,105,General Baptist,1,0.01
10406,RELAFFIL,91,Greek Orthodox,1,0.01
10406,RELAFFIL,42,Interdenominational,40,0.57
10406,RELAFFIL,80,Jewish,35,0.5
10406,RELAFFIL,94,Latter Day Saints (Mormon Church),4,0.06
10406,RELAFFIL,68,Lutheran Church - Missouri Synod,12,0.17
10406,RELAFFIL,67,Lutheran Church in America,3,0.04
10406,RELAFFIL,43,Mennonite Brethren Church,2,0.03
10406,RELAFFIL,69,Mennonite Church,6,0.09
10406,RELAFFIL,87,Missionary Church Inc,1,0.01
10406,RELAFFIL,44,Moravian Church,2,0.03
10406,RELAFFIL,78,Multiple Protestant Denomination,6,0.09
10406,RELAFFIL,106,Muslim,1,0.01
10406,RELAFFIL,45,North American Baptist,1,0.01
10406,RELAFFIL,100,Original Free Will Baptist,1,0.01
10406,RELAFFIL,79,Other Protestant,27,0.38
10406,RELAFFIL,47,Pentecostal Holiness Church,3,0.04
10406,RELAFFIL,103,Presbyterian,2,0.03
10406,RELAFFIL,66,Presbyterian Church (USA),55,0.78
10406,RELAFFIL,73,Protestant Episcopal,9,0.13
10406,RELAFFIL,77,"Protestant, not specified",1,0.01
10406,RELAFFIL,49,Reformed Church in America,5,0.07
10406,RELAFFIL,81,Reformed Presbyterian Church,3,0.04
10406,RELAFFIL,30,Roman Catholic,252,3.58
10406,RELAFFIL,92,Russian Orthodox,1,0.01
10406,RELAFFIL,95,Seventh Day Adventist,14,0.2
10406,RELAFFIL,75,Southern Baptist,25,0.35
10406,RELAFFIL,97,The Presbyterian Church in America,2,0.03
10406,RELAFFIL,88,Undenominational,22,0.31
10406,RELAFFIL,93,Unitarian Universalist,2,0.03
10406,RELAFFIL,84,United Brethren Church,1,0.01
10406,RELAFFIL,76,United Church of Christ,14,0.2
10406,RELAFFIL,71,United Methodist,95,1.35
10406,RELAFFIL,89,Wesleyan,7,0.1
10406,RELAFFIL,33,Wisconsin Evangelical Lutheran Synod,2,0.03
10406,RELAFFIL,99,Other (none of the above),12,0.17
10406,RELAFFIL,-2,Not applicable,6119,86.84
10411,LEVEL1,1,Yes,3473,49.29
10411,LEVEL1,0,Implied no,3573,50.71
10416,LEVEL2,1,Yes,4401,62.46
10416,LEVEL2,0,Implied no,2645,37.54
10421,LEVEL3,1,Yes,3151,44.72
10421,LEVEL3,0,Implied no,3895,55.28
10426,LEVEL4,1,Yes,892,12.66
10426,LEVEL4,0,Implied no,6154,87.34
10431,LEVEL5,1,Yes,2708,38.43
10431,LEVEL5,0,Implied no,2478,35.17
10431,LEVEL5,-2,Not applicable,1860,26.4
10436,LEVEL6,1,Yes,1043,14.8
10436,LEVEL6,0,Implied no,4143,58.8
10436,LEVEL6,-2,Not applicable,1860,26.4
10441,LEVEL7,1,Yes,2140,30.37
10441,LEVEL7,0,Implied no,3046,43.23
10441,LEVEL7,-2,Not applicable,1860,26.4
10446,LEVEL8,1,Yes,756,10.73
10446,LEVEL8,0,Implied no,4430,62.87
10446,LEVEL8,-2,Not applicable,1860,26.4
10466,LEVEL12,1,Yes,2,0.03
10466,LEVEL12,0,Implied no,7044,99.97
10452,LEVEL17,1,Yes,806,11.44
10452,LEVEL17,0,Implied no,4380,62.16
10452,LEVEL17,-2,Not applicable,1860,26.4
10453,LEVEL18,1,Yes,791,11.23
10453,LEVEL18,0,Implied no,4395,62.38
10453,LEVEL18,-2,Not applicable,1860,26.4
10454,LEVEL19,1,Yes,162,2.3
10454,LEVEL19,0,Implied no,5024,71.3
10454,LEVEL19,-2,Not applicable,1860,26.4
10901,CALSYS,1,Semester,3244,46.04
10901,CALSYS,2,Quarter,576,8.17
10901,CALSYS,3,Trimester,146,2.07
10901,CALSYS,4,Four-one-four plan,122,1.73
10901,CALSYS,5,Other academic year,320,4.54
10901,CALSYS,6,Differs by program,908,12.89
10901,CALSYS,7,Continuous,1656,23.5
10901,CALSYS,-2,Not applicable,74,1.05
10926,FT_UG,1,Yes,6616,93.9
10926,FT_UG,2,No,356,5.05
10926,FT_UG,-2,Not applicable,74,1.05
10931,FT_FTUG,1,Yes,6373,90.45
10931,FT_FTUG,2,No,599,8.5
10931,FT_FTUG,-2,Not applicable,74,1.05
15301,FTGDNIDP,1,Yes,2122,30.12
15301,FTGDNIDP,2,No,1871,26.55
15301,FTGDNIDP,-2,Not applicable,3053,43.33
10946,PT_UG,1,Yes,4792,68.01
10946,PT_UG,2,No,2180,30.94
10946,PT_UG,-2,Not applicable,74,1.05
10951,PT_FTUG,1,Yes,4195,59.54
10951,PT_FTUG,2,No,2777,39.41
10951,PT_FTUG,-2,Not applicable,74,1.05
15306,PTGDNIDP,1,Yes,1961,27.83
15306,PTGDNIDP,2,No,2032,28.84
15306,PTGDNIDP,-2,Not applicable,3053,43.33
15311,DOCPP,1,Yes,753,10.69
15311,DOCPP,-2,Not applicable,6293,89.31
15316,DOCPPSP,1,Yes,405,5.75
15316,DOCPPSP,2,No,348,4.94
15316,DOCPPSP,-2,Not applicable,6293,89.31
10516,OPENADMP,1,Yes,4289,60.87
10516,OPENADMP,2,No,2129,30.22
10516,OPENADMP,-2,Not applicable,628,8.91
16141,VET1,1,Yes,3179,45.12
16141,VET1,0,Implied no,3773,53.55
16141,VET1,-1,Not reported,20,0.28
16141,VET1,-2,Not applicable,74,1.05
16142,VET2,1,Yes,3227,45.8
16142,VET2,0,Implied no,3725,52.87
16142,VET2,-1,Not reported,20,0.28
16142,VET2,-2,Not applicable,74,1.05
16143,VET3,1,Yes,3571,50.68
16143,VET3,0,Implied no,3381,47.98
16143,VET3,-1,Not reported,20,0.28
16143,VET3,-2,Not applicable,74,1.05
16144,VET4,1,Yes,1660,23.56
16144,VET4,0,Implied no,5292,75.11
16144,VET4,-1,Not reported,20,0.28
16144,VET4,-2,Not applicable,74,1.05
16145,VET5,1,Yes,2025,28.74
16145,VET5,0,Implied no,4927,69.93
16145,VET5,-1,Not reported,20,0.28
16145,VET5,-2,Not applicable,74,1.05
16149,VET9,1,Yes,1782,25.29
16149,VET9,0,Implied no,5170,73.37
16149,VET9,-1,Not reported,20,0.28
16149,VET9,-2,Not applicable,74,1.05
10681,CREDITS1,1,Yes,3194,45.33
10681,CREDITS1,0,Implied no,3758,53.34
10681,CREDITS1,-1,Not reported,20,0.28
10681,CREDITS1,-2,Not applicable,74,1.05
10686,CREDITS2,1,Yes,2279,32.34
10686,CREDITS2,0,Implied no,4673,66.32
10686,CREDITS2,-1,Not reported,20,0.28
10686,CREDITS2,-2,Not applicable,74,1.05
10691,CREDITS3,1,Yes,3504,49.73
10691,CREDITS3,0,Implied no,3448,48.94
10691,CREDITS3,-1,Not reported,20,0.28
10691,CREDITS3,-2,Not applicable,74,1.05
10696,CREDITS4,1,Yes,2985,42.36
10696,CREDITS4,0,Implied no,3967,56.3
10696,CREDITS4,-1,Not reported,20,0.28
10696,CREDITS4,-2,Not applicable,74,1.05
10721,SLO5,1,Yes,1053,14.94
10721,SLO5,0,Implied no,5899,83.72
10721,SLO5,-1,Not reported,20,0.28
10721,SLO5,-2,Not applicable,74,1.05
10726,SLO51,1,Yes,970,13.77
10726,SLO51,0,Implied no,5982,84.9
10726,SLO51,-1,Not reported,20,0.28
10726,SLO51,-2,Not applicable,74,1.05
10731,SLO52,1,Yes,167,2.37
10731,SLO52,0,Implied no,6785,96.3
10731,SLO52,-1,Not reported,20,0.28
10731,SLO52,-2,Not applicable,74,1.05
10736,SLO53,1,Yes,602,8.54
10736,SLO53,0,Implied no,6350,90.12
10736,SLO53,-1,Not reported,20,0.28
10736,SLO53,-2,Not applicable,74,1.05
10741,SLO6,1,Yes,2014,28.58
10741,SLO6,0,Implied no,4938,70.08
10741,SLO6,-1,Not reported,20,0.28
10741,SLO6,-2,Not applicable,74,1.05
10746,SLO7,1,Yes,3356,47.63
10746,SLO7,0,Implied no,3596,51.04
10746,SLO7,-1,Not reported,20,0.28
10746,SLO7,-2,Not applicable,74,1.05
10751,SLO8,1,Yes,1651,23.43
10751,SLO8,0,Implied no,5301,75.23
10751,SLO8,-1,Not reported,20,0.28
10751,SLO8,-2,Not applicable,74,1.05
10756,SLO81,1,Yes,1185,16.82
10756,SLO81,0,Implied no,5767,81.85
10756,SLO81,-1,Not reported,20,0.28
10756,SLO81,-2,Not applicable,74,1.05
10761,SLO82,1,Yes,196,2.78
10761,SLO82,0,Implied no,6756,95.88
10761,SLO82,-1,Not reported,20,0.28
10761,SLO82,-2,Not applicable,74,1.05
10766,SLO83,1,Yes,1396,19.81
10766,SLO83,0,Implied no,5556,78.85
10766,SLO83,-1,Not reported,20,0.28
10766,SLO83,-2,Not applicable,74,1.05
10771,SLO9,1,Yes,2448,34.74
10771,SLO9,0,Implied no,4504,63.92
10771,SLO9,-1,Not reported,20,0.28
10771,SLO9,-2,Not applicable,74,1.05
10776,YRSCOLL,1,One,31,0.44
10776,YRSCOLL,2,Two,264,3.75
10776,YRSCOLL,3,Three,36,0.51
10776,YRSCOLL,4,Four,265,3.76
10776,YRSCOLL,5,Five,8,0.11
10776,YRSCOLL,6,Six,2,0.03
10776,YRSCOLL,7,Seven,1,0.01
10776,YRSCOLL,8,Eight,1,0.01
10776,YRSCOLL,-1,Not reported,20,0.28
10776,YRSCOLL,-2,Not applicable,6418,91.09
10781,STUSRV1,1,Yes,3727,52.9
10781,STUSRV1,0,Implied no,3225,45.77
10781,STUSRV1,-1,Not reported,20,0.28
10781,STUSRV1,-2,Not applicable,74,1.05
10786,STUSRV2,1,Yes,6313,89.6
10786,STUSRV2,0,Implied no,639,9.07
10786,STUSRV2,-1,Not reported,20,0.28
10786,STUSRV2,-2,Not applicable,74,1.05
10791,STUSRV3,1,Yes,4726,67.07
10791,STUSRV3,0,Implied no,2226,31.59
10791,STUSRV3,-1,Not reported,20,0.28
10791,STUSRV3,-2,Not applicable,74,1.05
10796,STUSRV4,1,Yes,5600,79.48
10796,STUSRV4,0,Implied no,1352,19.19
10796,STUSRV4,-1,Not reported,20,0.28
10796,STUSRV4,-2,Not applicable,74,1.05
10801,STUSRV8,1,Yes,978,13.88
10801,STUSRV8,0,Implied no,5974,84.79
10801,STUSRV8,-1,Not reported,20,0.28
10801,STUSRV8,-2,Not applicable,74,1.05
10806,STUSRV9,1,Yes,204,2.9
10806,STUSRV9,0,Implied no,6748,95.77
10806,STUSRV9,-1,Not reported,20,0.28
10806,STUSRV9,-2,Not applicable,74,1.05
16151,LIBRES1,1,Yes,5066,71.9
16151,LIBRES1,0,Implied no,1886,26.77
16151,LIBRES1,-1,Not reported,20,0.28
16151,LIBRES1,-2,Not applicable,74,1.05
16153,LIBRES2,1,Yes,5622,79.79
16153,LIBRES2,0,Implied no,1330,18.88
16153,LIBRES2,-1,Not reported,20,0.28
16153,LIBRES2,-2,Not applicable,74,1.05
16155,LIBRES3,1,Yes,5953,84.49
16155,LIBRES3,0,Implied no,999,14.18
16155,LIBRES3,-1,Not reported,20,0.28
16155,LIBRES3,-2,Not applicable,74,1.05
16157,LIBRES4,1,Yes,4889,69.39
16157,LIBRES4,0,Implied no,2063,29.28
16157,LIBRES4,-1,Not reported,20,0.28
16157,LIBRES4,-2,Not applicable,74,1.05
16159,LIBRES5,1,Yes,4562,64.75
16159,LIBRES5,0,Implied no,2390,33.92
16159,LIBRES5,-1,Not reported,20,0.28
16159,LIBRES5,-2,Not applicable,74,1.05
16161,LIBRES6,1,Yes,3551,50.4
16161,LIBRES6,0,Implied no,3401,48.27
16161,LIBRES6,-1,Not reported,20,0.28
16161,LIBRES6,-2,Not applicable,74,1.05
16163,LIBRES9,1,Yes,518,7.35
16163,LIBRES9,0,Implied no,6434,91.31
16163,LIBRES9,-1,Not reported,20,0.28
16163,LIBRES9,-2,Not applicable,74,1.05
15241,TUITPL,1,Yes,6227,88.38
15241,TUITPL,2,No,725,10.29
15241,TUITPL,-1,Not reported,20,0.28
15241,TUITPL,-2,Not applicable,74,1.05
15244,TUITPL1,1,Yes,567,8.05
15244,TUITPL1,0,Implied no,6385,90.62
15244,TUITPL1,-1,Not reported,20,0.28
15244,TUITPL1,-2,Not applicable,74,1.05
15247,TUITPL2,1,Yes,496,7.04
15247,TUITPL2,0,Implied no,6456,91.63
15247,TUITPL2,-1,Not reported,20,0.28
15247,TUITPL2,-2,Not applicable,74,1.05
15250,TUITPL3,1,Yes,6036,85.67
15250,TUITPL3,0,Implied no,916,13
15250,TUITPL3,-1,Not reported,20,0.28
15250,TUITPL3,-2,Not applicable,74,1.05
15253,TUITPL4,1,Yes,147,2.09
15253,TUITPL4,0,Implied no,6805,96.58
15253,TUITPL4,-1,Not reported,20,0.28
15253,TUITPL4,-2,Not applicable,74,1.05
15400,DISTCRS,1,Yes,3573,50.71
15400,DISTCRS,2,No,3379,47.96
15400,DISTCRS,-1,Not reported,20,0.28
15400,DISTCRS,-2,Not applicable,74,1.05
15401,DISTNCED,1,Yes,57,0.81
15401,DISTNCED,2,No,6895,97.86
15401,DISTNCED,-1,Not reported,20,0.28
15401,DISTNCED,-2,Not applicable,74,1.05
15406,DSTNCED1,1,Yes,3343,47.45
15406,DSTNCED1,0,Implied no,3609,51.22
15406,DSTNCED1,-1,Not reported,20,0.28
15406,DSTNCED1,-2,Not applicable,74,1.05
15411,DSTNCED2,1,Yes,1740,24.69
15411,DSTNCED2,0,Implied no,5212,73.97
15411,DSTNCED2,-1,Not reported,20,0.28
15411,DSTNCED2,-2,Not applicable,74,1.05
15416,DSTNCED3,1,Yes,3379,47.96
15416,DSTNCED3,0,Implied no,3573,50.71
15416,DSTNCED3,-1,Not reported,20,0.28
15416,DSTNCED3,-2,Not applicable,74,1.05
24566,DISAB,1,3 percent or less,5294,75.13
24566,DISAB,2,More than 3 percent,1336,18.96
24566,DISAB,-1,Not reported,20,0.28
24566,DISAB,-2,Not applicable,396,5.62
15066,ALLONCAM,1,Yes,74,1.05
15066,ALLONCAM,2,No,6283,89.17
15066,ALLONCAM,-1,Not reported,20,0.28
15066,ALLONCAM,-2,Not applicable,669,9.49
10961,TUITVARY,1,Yes,1570,22.28
10961,TUITVARY,2,No,2829,40.15
10961,TUITVARY,-1,Not reported,20,0.28
10961,TUITVARY,-2,Not applicable,2627,37.28
10966,ROOM,1,Yes,2153,30.56
10966,ROOM,2,No,4799,68.11
10966,ROOM,-1,Not reported,20,0.28
10966,ROOM,-2,Not applicable,74,1.05
10976,BOARD,1,"Yes, number of meals in the maximum meal plan offered",1115,15.82
10976,BOARD,2,"Yes, number of meals per week can vary",781,11.08
10976,BOARD,3,No,5056,71.76
10976,BOARD,-1,Not reported,20,0.28
10976,BOARD,-2,Not applicable,74,1.05
10816,ATHASSOC,1,Yes,2031,28.82
10816,ATHASSOC,2,No,2532,35.94
10816,ATHASSOC,-1,Not reported,20,0.28
10816,ATHASSOC,-2,Not applicable,2463,34.96
10821,ASSOC1,1,Yes,1134,16.09
10821,ASSOC1,0,Implied no,3429,48.67
10821,ASSOC1,-1,Not reported,20,0.28
10821,ASSOC1,-2,Not applicable,2463,34.96
10826,ASSOC2,1,Yes,247,3.51
10826,ASSOC2,0,Implied no,4316,61.25
10826,ASSOC2,-1,Not reported,20,0.28
10826,ASSOC2,-2,Not applicable,2463,34.96
10831,ASSOC3,1,Yes,500,7.1
10831,ASSOC3,0,Implied no,4063,57.66
10831,ASSOC3,-1,Not reported,20,0.28
10831,ASSOC3,-2,Not applicable,2463,34.96
10836,ASSOC4,1,Yes,63,0.89
10836,ASSOC4,0,Implied no,4500,63.87
10836,ASSOC4,-1,Not reported,20,0.28
10836,ASSOC4,-2,Not applicable,2463,34.96
10841,ASSOC5,1,Yes,94,1.33
10841,ASSOC5,0,Implied no,4469,63.43
10841,ASSOC5,-1,Not reported,20,0.28
10841,ASSOC5,-2,Not applicable,2463,34.96
10846,ASSOC6,1,Yes,125,1.77
10846,ASSOC6,0,Implied no,4438,62.99
10846,ASSOC6,-1,Not reported,20,0.28
10846,ASSOC6,-2,Not applicable,2463,34.96
10851,SPORT1,1,Yes,774,10.98
10851,SPORT1,2,No,4258,60.43
10851,SPORT1,-1,Not reported,20,0.28
10851,SPORT1,-2,Not applicable,1994,28.3
10856,CONFNO1,372,American Athletic Conference,11,0.16
10856,CONFNO1,204,American Southwest Conference,8,0.11
10856,CONFNO1,103,Atlantic 10 Conference,1,0.01
10856,CONFNO1,102,Atlantic Coast Conference,14,0.2
10856,CONFNO1,104,Big East Conference,1,0.01
10856,CONFNO1,105,Big Sky Conference,13,0.18
10856,CONFNO1,106,Big South Conference,7,0.1
10856,CONFNO1,107,Big Ten Conference,14,0.2
10856,CONFNO1,108,Big Twelve Conference,10,0.14
10856,CONFNO1,138,California Collegiate Athletic Assoc,3,0.04
10856,CONFNO1,164,Capital Athletic Conference,1,0.01
10856,CONFNO1,165,Centennial Conference,10,0.14
10856,CONFNO1,140,Central Intercollegiate Athletic Assoc,12,0.17
10856,CONFNO1,355,Central States Football League,6,0.09
10856,CONFNO1,167,College Conference of Illinois and Wisc,9,0.13
10856,CONFNO1,110,Colonial Athletic Association,11,0.16
10856,CONFNO1,207,Commonwealth Conference,1,0.01
10856,CONFNO1,111,Conference USA,14,0.2
10856,CONFNO1,113,Division I-A Independents,2,0.03
10856,CONFNO1,141,Division II Independents,2,0.03
10856,CONFNO1,170,Division III Independents,3,0.04
10856,CONFNO1,366,Eastern Collegiate Football Conference,8,0.11
10856,CONFNO1,172,Empire Eight,10,0.14
10856,CONFNO1,333,Florida Sun Conference,3,0.04
10856,CONFNO1,173,Freedom Football Conference,1,0.01
10856,CONFNO1,352,Frontier Conference,8,0.11
10856,CONFNO1,116,Gateway Football Conference,1,0.01
10856,CONFNO1,367,Great American Conference,12,0.17
10856,CONFNO1,144,Great Lakes Intercollegiate Ath Conf,14,0.2
10856,CONFNO1,371,Great Midwest Athletic Conference,2,0.03
10856,CONFNO1,145,Great Lakes Valley Conference,9,0.13
10856,CONFNO1,174,Great Northeast Athletic Conference,1,0.01
10856,CONFNO1,213,Great Northwest Athletic Conference,3,0.04
10856,CONFNO1,311,Great Plains Athletic Conference,9,0.13
10856,CONFNO1,146,Gulf South Conference,10,0.14
10856,CONFNO1,320,Heart of America Athletic Conference,12,0.17
10856,CONFNO1,175,Heartland Collegiate Athletic Conference,9,0.13
10856,CONFNO1,308,Independent Great Lakes Region,2,0.03
10856,CONFNO1,322,Independent Midwest Region,3,0.04
10856,CONFNO1,327,Independent Northeast Region,1,0.01
10856,CONFNO1,335,Independent Southeast Region,1,0.01
10856,CONFNO1,176,Iowa Intercollegiate Athletic Conf,9,0.13
10856,CONFNO1,117,Ivy Group,8,0.11
10856,CONFNO1,309,Kansas Collegiate Athletic Conf,10,0.14
10856,CONFNO1,147,Lone Star Conference,10,0.14
10856,CONFNO1,179,Massachusetts State College Ath Assoc,3,0.04
10856,CONFNO1,180,Michigan Intercollegiate Athletic Assoc,7,0.1
10856,CONFNO1,148,Mid-America Intercollegiate Ath Assoc,12,0.17
10856,CONFNO1,119,Mid-American Conference,12,0.17
10856,CONFNO1,121,Mid-Eastern Athletic Conference,11,0.16
10856,CONFNO1,315,Mid-South Conference,14,0.2
10856,CONFNO1,356,Mid-States Football Association,12,0.17
10856,CONFNO1,181,Middle Atlantic States Athletic Corporation,8,0.11
10856,CONFNO1,182,Midwest Conference,12,0.17
10856,CONFNO1,183,Minnesota Intercollegiate Ath Conf,9,0.13
10856,CONFNO1,123,Missouri Valley Conference,9,0.13
10856,CONFNO1,370,Mountain East Conference,9,0.13
10856,CONFNO1,203,Mountain West Conference,12,0.17
10856,CONFNO1,184,New England Football Conference,12,0.17
10856,CONFNO1,185,New England Small College Ath Conf,10,0.14
10856,CONFNO1,187,New Jersey Athletic Conference,8,0.11
10856,CONFNO1,189,North Coast Athletic Conference,10,0.14
10856,CONFNO1,373,North Star Athletic Association,7,0.1
10856,CONFNO1,153,Northeast 10 Conference,10,0.14
10856,CONFNO1,125,Northeast Conference,7,0.1
10856,CONFNO1,359,Northern Athletics Collegiate Conference,7,0.1
10856,CONFNO1,155,Northern Sun Intercollegiate Conference,16,0.23
10856,CONFNO1,205,Northwest Conference,8,0.11
10856,CONFNO1,191,Ohio Athletic Conference,10,0.14
10856,CONFNO1,126,Ohio Valley Conference,9,0.13
10856,CONFNO1,192,Old Dominion Athletic Conference,8,0.11
10856,CONFNO1,127,Pacific-12 Conference,18,0.26
10856,CONFNO1,128,Patriot League,7,0.1
10856,CONFNO1,193,Pennsylvania Athletic Conference,1,0.01
10856,CONFNO1,158,Pennsylvania State Athletic Conference,15,0.21
10856,CONFNO1,129,Pioneer Football League,11,0.16
10856,CONFNO1,194,Presidents' Athletic Conference,10,0.14
10856,CONFNO1,159,Rocky Mountain Athletic Conference,11,0.16
10856,CONFNO1,340,Sooner Athletic Conference,1,0.01
10856,CONFNO1,160,South Atlantic Conference,9,0.13
10856,CONFNO1,130,Southeastern Conference,15,0.21
10856,CONFNO1,368,Southern Athletic Association,7,0.1
10856,CONFNO1,197,Southern California Intercoll Ath Conf,10,0.14
10856,CONFNO1,198,Southern Collegiate Athletic Conference,4,0.06
10856,CONFNO1,131,Southern Conference,8,0.11
10856,CONFNO1,161,Southern Intercollegiate Athletic Conf,10,0.14
10856,CONFNO1,132,Southland Conference,11,0.16
10856,CONFNO1,133,Southwestern Athletic Conference,10,0.14
10856,CONFNO1,134,Sun Belt Conference,12,0.17
10856,CONFNO1,171,USA South Athletic Conference,9,0.13
10856,CONFNO1,200,University Athletic Association,3,0.04
10856,CONFNO1,354,Upper Midwest Athletic Conference,10,0.14
10856,CONFNO1,201,Upstate Collegiate Athletic Association,7,0.1
10856,CONFNO1,163,West Virginia Intercollegiate Athletic Conf,2,0.03
10856,CONFNO1,202,Wisconsin Intercollegiate Ath Conf,8,0.11
10856,CONFNO1,342,Other,4,0.06
10856,CONFNO1,-1,Not reported,20,0.28
10856,CONFNO1,-2,Not applicable,6252,88.73
10861,SPORT2,1,Yes,1363,19.34
10861,SPORT2,2,No,3669,52.07
10861,SPORT2,-1,Not reported,20,0.28
10861,SPORT2,-2,Not applicable,1994,28.3
10866,CONFNO2,214,Allegheny Mountain Collegiate Conference,8,0.11
10866,CONFNO2,101,America East,9,0.13
10866,CONFNO2,372,American Athletic Conference,10,0.14
10866,CONFNO2,306,American Mideast Conference,1,0.01
10866,CONFNO2,319,American Midwest Conference,12,0.17
10866,CONFNO2,204,American Southwest Conference,13,0.18
10866,CONFNO2,316,Appalachian Athletic Conference,11,0.16
10866,CONFNO2,369,Association of Independent Institutions,12,0.17
10866,CONFNO2,103,Atlantic 10 Conference,14,0.2
10866,CONFNO2,102,Atlantic Coast Conference,15,0.21
10866,CONFNO2,135,Atlantic Sun Conference,8,0.11
10866,CONFNO2,104,Big East Conference,11,0.16
10866,CONFNO2,105,Big Sky Conference,12,0.17
10866,CONFNO2,106,Big South Conference,11,0.16
10866,CONFNO2,107,Big Ten Conference,14,0.2
10866,CONFNO2,108,Big Twelve Conference,10,0.14
10866,CONFNO2,109,Big West Conference,9,0.13
10866,CONFNO2,138,California Collegiate Athletic Assoc,14,0.2
10866,CONFNO2,301,California Pacific Conference,5,0.07
10866,CONFNO2,164,Capital Athletic Conference,10,0.14
10866,CONFNO2,328,Cascade Collegiate Conference,10,0.14
10866,CONFNO2,165,Centennial Conference,11,0.16
10866,CONFNO2,323,Central Atlantic Collegiate Conf,13,0.18
10866,CONFNO2,140,Central Intercollegiate Athletic Assoc,12,0.17
10866,CONFNO2,304,Chicagoland Collegiate Athletic Conf,16,0.23
10866,CONFNO2,166,City University of New York Ath Conf,10,0.14
10866,CONFNO2,167,College Conference of Illinois and Wisc,9,0.13
10866,CONFNO2,110,Colonial Athletic Association,11,0.16
10866,CONFNO2,364,Colonial States Athletic Conference,10,0.14
10866,CONFNO2,168,Commonwealth Coast Conference,10,0.14
10866,CONFNO2,207,Commonwealth Conference,4,0.06
10866,CONFNO2,139,Conference Carolinas,12,0.17
10866,CONFNO2,111,Conference USA,14,0.2
10866,CONFNO2,305,Crossroads League,10,0.14
10866,CONFNO2,141,Division II Independents,5,0.07
10866,CONFNO2,170,Division III Independents,11,0.16
10866,CONFNO2,151,East Coast Conference,10,0.14
10866,CONFNO2,115,Eastern College Athletic Conference,4,0.06
10866,CONFNO2,172,Empire Eight,10,0.14
10866,CONFNO2,333,Florida Sun Conference,8,0.11
10866,CONFNO2,208,Freedom Conference,2,0.03
10866,CONFNO2,352,Frontier Conference,7,0.1
10866,CONFNO2,302,Golden State Athletic Conference,9,0.13
10866,CONFNO2,367,Great American Conference,12,0.17
10866,CONFNO2,144,Great Lakes Intercollegiate Ath Conf,15,0.21
10866,CONFNO2,371,Great Midwest Athletic Conference,8,0.11
10866,CONFNO2,145,Great Lakes Valley Conference,16,0.23
10866,CONFNO2,174,Great Northeast Athletic Conference,13,0.18
10866,CONFNO2,213,Great Northwest Athletic Conference,10,0.14
10866,CONFNO2,311,Great Plains Athletic Conference,11,0.16
10866,CONFNO2,360,Great South Athletic Conference,1,0.01
10866,CONFNO2,337,Gulf Coast Athletic Conference,8,0.11
10866,CONFNO2,146,Gulf South Conference,12,0.17
10866,CONFNO2,320,Heart of America Athletic Conference,14,0.2
10866,CONFNO2,175,Heartland Collegiate Athletic Conference,10,0.14
10866,CONFNO2,209,Heartland Conference,10,0.14
10866,CONFNO2,122,Horizon League,10,0.14
10866,CONFNO2,303,Independent Far West Region,1,0.01
10866,CONFNO2,308,Independent Great Lakes Region,1,0.01
10866,CONFNO2,318,Independent Mid-South Region,2,0.03
10866,CONFNO2,322,Independent Midwest Region,3,0.04
10866,CONFNO2,327,Independent Northeast Region,2,0.03
10866,CONFNO2,335,Independent Southeast Region,6,0.09
10866,CONFNO2,176,Iowa Intercollegiate Athletic Conf,9,0.13
10866,CONFNO2,117,Ivy Group,9,0.13
10866,CONFNO2,309,Kansas Collegiate Athletic Conf,11,0.16
10866,CONFNO2,314,Kentucky Intercollegiate Ath Conf,10,0.14
10866,CONFNO2,361,Landmark Conference,8,0.11
10866,CONFNO2,178,Little East Conference,8,0.11
10866,CONFNO2,147,Lone Star Conference,11,0.16
10866,CONFNO2,179,Massachusetts State College Ath Assoc,7,0.1
10866,CONFNO2,118,Metro Atlantic Athletic Conference,11,0.16
10866,CONFNO2,180,Michigan Intercollegiate Athletic Assoc,9,0.13
10866,CONFNO2,148,Mid-America Intercollegiate Ath Assoc,14,0.2
10866,CONFNO2,119,Mid-American Conference,12,0.17
10866,CONFNO2,121,Mid-Eastern Athletic Conference,13,0.18
10866,CONFNO2,315,Mid-South Conference,9,0.13
10866,CONFNO2,181,Middle Atlantic States Athletic Corporation,10,0.14
10866,CONFNO2,310,Midlands Collegiate Athletic Conf,1,0.01
10866,CONFNO2,182,Midwest Conference,12,0.17
10866,CONFNO2,183,Minnesota Intercollegiate Ath Conf,12,0.17
10866,CONFNO2,123,Missouri Valley Conference,10,0.14
10866,CONFNO2,370,Mountain East Conference,10,0.14
10866,CONFNO2,203,Mountain West Conference,11,0.16
10866,CONFNO2,363,New England Collegiate Conference,10,0.14
10866,CONFNO2,185,New England Small College Ath Conf,11,0.16
10866,CONFNO2,186,New England Women's & Men's Athletic Conference,10,0.14
10866,CONFNO2,187,New Jersey Athletic Conference,9,0.13
10866,CONFNO2,215,North Atlantic Conference,8,0.11
10866,CONFNO2,189,North Coast Athletic Conference,10,0.14
10866,CONFNO2,365,North Eastern Athletic Conference,12,0.17
10866,CONFNO2,373,North Star Athletic Association,9,0.13
10866,CONFNO2,153,Northeast 10 Conference,15,0.21
10866,CONFNO2,125,Northeast Conference,12,0.17
10866,CONFNO2,359,Northern Athletics Collegiate Conference,12,0.17
10866,CONFNO2,155,Northern Sun Intercollegiate Conference,16,0.23
10866,CONFNO2,205,Northwest Conference,9,0.13
10866,CONFNO2,191,Ohio Athletic Conference,10,0.14
10866,CONFNO2,126,Ohio Valley Conference,12,0.17
10866,CONFNO2,192,Old Dominion Athletic Conference,13,0.18
10866,CONFNO2,156,Pacific West Conference,13,0.18
10866,CONFNO2,127,Pacific-12 Conference,18,0.26
10866,CONFNO2,128,Patriot League,10,0.14
10866,CONFNO2,157,Peach Belt Conference,14,0.2
10866,CONFNO2,193,Pennsylvania Athletic Conference,2,0.03
10866,CONFNO2,158,Pennsylvania State Athletic Conference,17,0.24
10866,CONFNO2,194,Presidents' Athletic Conference,10,0.14
10866,CONFNO2,353,Red River Athletic Conference,11,0.16
10866,CONFNO2,374,River States,2,0.03
10866,CONFNO2,159,Rocky Mountain Athletic Conference,15,0.21
10866,CONFNO2,196,Skyline Conference,11,0.16
10866,CONFNO2,340,Sooner Athletic Conference,10,0.14
10866,CONFNO2,160,South Atlantic Conference,12,0.17
10866,CONFNO2,130,Southeastern Conference,15,0.21
10866,CONFNO2,368,Southern Athletic Association,8,0.11
10866,CONFNO2,197,Southern California Intercoll Ath Conf,12,0.17
10866,CONFNO2,198,Southern Collegiate Athletic Conference,8,0.11
10866,CONFNO2,131,Southern Conference,9,0.13
10866,CONFNO2,161,Southern Intercollegiate Athletic Conf,13,0.18
10866,CONFNO2,334,Southern States Athletic Conference,13,0.18
10866,CONFNO2,132,Southland Conference,13,0.18
10866,CONFNO2,133,Southwestern Athletic Conference,10,0.14
10866,CONFNO2,195,St. Louis Intercollegiate Ath Conf,10,0.14
10866,CONFNO2,199,State University of New York Ath Conf,10,0.14
10866,CONFNO2,134,Sun Belt Conference,12,0.17
10866,CONFNO2,162,Sunshine State Conference,9,0.13
10866,CONFNO2,120,The Summit League,9,0.13
10866,CONFNO2,317,TranSouth Athletic Conference,1,0.01
10866,CONFNO2,171,USA South Athletic Conference,16,0.23
10866,CONFNO2,200,University Athletic Association,8,0.11
10866,CONFNO2,354,Upper Midwest Athletic Conference,8,0.11
10866,CONFNO2,201,Upstate Collegiate Athletic Association,9,0.13
10866,CONFNO2,136,West Coast Conference,10,0.14
10866,CONFNO2,163,West Virginia Intercollegiate Athletic Conference,2,0.03
10866,CONFNO2,137,Western Athletic Conference,8,0.11
10866,CONFNO2,202,Wisconsin Intercollegiate Ath Conference,9,0.13
10866,CONFNO2,307,Wolverine-Hoosier Athletic Conference,12,0.17
10866,CONFNO2,342,Other,7,0.1
10866,CONFNO2,-1,Not reported,20,0.28
10866,CONFNO2,-2,Not applicable,5663,80.37
10871,SPORT3,1,Yes,1152,16.35
10871,SPORT3,2,No,3880,55.07
10871,SPORT3,-1,Not reported,20,0.28
10871,SPORT3,-2,Not applicable,1994,28.3
10876,CONFNO3,214,Allegheny Mountain Collegiate Conference,7,0.1
10876,CONFNO3,101,America East,7,0.1
10876,CONFNO3,372,American Athletic Conference,7,0.1
10876,CONFNO3,319,American Midwest Conference,10,0.14
10876,CONFNO3,204,American Southwest Conference,13,0.18
10876,CONFNO3,316,Appalachian Athletic Conference,9,0.13
10876,CONFNO3,369,Association of Independent Institutions,6,0.09
10876,CONFNO3,103,Atlantic 10 Conference,13,0.18
10876,CONFNO3,102,Atlantic Coast Conference,14,0.2
10876,CONFNO3,135,Atlantic Sun Conference,8,0.11
10876,CONFNO3,104,Big East Conference,8,0.11
10876,CONFNO3,105,Big Sky Conference,1,0.01
10876,CONFNO3,106,Big South Conference,11,0.16
10876,CONFNO3,107,Big Ten Conference,13,0.18
10876,CONFNO3,108,Big Twelve Conference,9,0.13
10876,CONFNO3,109,Big West Conference,9,0.13
10876,CONFNO3,138,California Collegiate Athletic Assoc,13,0.18
10876,CONFNO3,301,California Pacific Conference,3,0.04
10876,CONFNO3,164,Capital Athletic Conference,10,0.14
10876,CONFNO3,328,Cascade Collegiate Conference,3,0.04
10876,CONFNO3,165,Centennial Conference,10,0.14
10876,CONFNO3,323,Central Atlantic Collegiate Conf,11,0.16
10876,CONFNO3,140,Central Intercollegiate Athletic Assoc,6,0.09
10876,CONFNO3,304,Chicagoland Collegiate Athletic Conf,13,0.18
10876,CONFNO3,166,City University of New York Ath Conf,5,0.07
10876,CONFNO3,167,College Conference of Illinois and Wisc,9,0.13
10876,CONFNO3,110,Colonial Athletic Association,10,0.14
10876,CONFNO3,364,Colonial States Athletic Conference,8,0.11
10876,CONFNO3,168,Commonwealth Coast Conference,9,0.13
10876,CONFNO3,207,Commonwealth Conference,4,0.06
10876,CONFNO3,139,Conference Carolinas,10,0.14
10876,CONFNO3,111,Conference USA,12,0.17
10876,CONFNO3,305,Crossroads League,10,0.14
10876,CONFNO3,141,Division II Independents,3,0.04
10876,CONFNO3,170,Division III Independents,8,0.11
10876,CONFNO3,151,East Coast Conference,6,0.09
10876,CONFNO3,115,Eastern College Athletic Conference,5,0.07
10876,CONFNO3,172,Empire Eight,6,0.09
10876,CONFNO3,333,Florida Sun Conference,9,0.13
10876,CONFNO3,208,Freedom Conference,2,0.03
10876,CONFNO3,352,Frontier Conference,1,0.01
10876,CONFNO3,302,Golden State Athletic Conference,9,0.13
10876,CONFNO3,367,Great American Conference,12,0.17
10876,CONFNO3,144,Great Lakes Intercollegiate Ath Conf,11,0.16
10876,CONFNO3,371,Great Midwest Athletic Conference,7,0.1
10876,CONFNO3,145,Great Lakes Valley Conference,16,0.23
10876,CONFNO3,174,Great Northeast Athletic Conference,8,0.11
10876,CONFNO3,213,Great Northwest Athletic Conference,6,0.09
10876,CONFNO3,311,Great Plains Athletic Conference,10,0.14
10876,CONFNO3,337,Gulf Coast Athletic Conference,3,0.04
10876,CONFNO3,146,Gulf South Conference,12,0.17
10876,CONFNO3,320,Heart of America Athletic Conference,14,0.2
10876,CONFNO3,175,Heartland Collegiate Athletic Conference,10,0.14
10876,CONFNO3,209,Heartland Conference,9,0.13
10876,CONFNO3,122,Horizon League,6,0.09
10876,CONFNO3,308,Independent Great Lakes Region,2,0.03
10876,CONFNO3,318,Independent Mid-South Region,2,0.03
10876,CONFNO3,322,Independent Midwest Region,3,0.04
10876,CONFNO3,327,Independent Northeast Region,2,0.03
10876,CONFNO3,335,Independent Southeast Region,5,0.07
10876,CONFNO3,176,Iowa Intercollegiate Athletic Conf,9,0.13
10876,CONFNO3,117,Ivy Group,8,0.11
10876,CONFNO3,309,Kansas Collegiate Athletic Conf,9,0.13
10876,CONFNO3,314,Kentucky Intercollegiate Ath Conf,8,0.11
10876,CONFNO3,361,Landmark Conference,7,0.1
10876,CONFNO3,178,Little East Conference,8,0.11
10876,CONFNO3,147,Lone Star Conference,7,0.1
10876,CONFNO3,179,Massachusetts State College Ath Assoc,8,0.11
10876,CONFNO3,118,Metro Atlantic Athletic Conference,11,0.16
10876,CONFNO3,180,Michigan Intercollegiate Athletic Assoc,8,0.11
10876,CONFNO3,148,Mid-America Intercollegiate Ath Assoc,14,0.2
10876,CONFNO3,119,Mid-American Conference,11,0.16
10876,CONFNO3,121,Mid-Eastern Athletic Conference,9,0.13
10876,CONFNO3,315,Mid-South Conference,8,0.11
10876,CONFNO3,181,Middle Atlantic States Athletic Corporation,9,0.13
10876,CONFNO3,310,Midlands Collegiate Athletic Conf,1,0.01
10876,CONFNO3,321,Midwest Classic Conference,1,0.01
10876,CONFNO3,182,Midwest Conference,10,0.14
10876,CONFNO3,183,Minnesota Intercollegiate Ath Conf,10,0.14
10876,CONFNO3,123,Missouri Valley Conference,8,0.11
10876,CONFNO3,370,Mountain East Conference,10,0.14
10876,CONFNO3,203,Mountain West Conference,7,0.1
10876,CONFNO3,363,New England Collegiate Conference,7,0.1
10876,CONFNO3,185,New England Small College Ath Conf,10,0.14
10876,CONFNO3,186,New England Women's & Men's Athletic Conference,7,0.1
10876,CONFNO3,187,New Jersey Athletic Conference,9,0.13
10876,CONFNO3,215,North Atlantic Conference,6,0.09
10876,CONFNO3,189,North Coast Athletic Conference,10,0.14
10876,CONFNO3,365,North Eastern Athletic Conference,8,0.11
10876,CONFNO3,373,North Star Athletic Association,9,0.13
10876,CONFNO3,153,Northeast 10 Conference,15,0.21
10876,CONFNO3,125,Northeast Conference,8,0.11
10876,CONFNO3,359,Northern Athletics Collegiate Conference,11,0.16
10876,CONFNO3,155,Northern Sun Intercollegiate Conference,15,0.21
10876,CONFNO3,205,Northwest Conference,9,0.13
10876,CONFNO3,191,Ohio Athletic Conference,10,0.14
10876,CONFNO3,126,Ohio Valley Conference,12,0.17
10876,CONFNO3,192,Old Dominion Athletic Conference,11,0.16
10876,CONFNO3,156,Pacific West Conference,9,0.13
10876,CONFNO3,127,Pacific-12 Conference,17,0.24
10876,CONFNO3,128,Patriot League,6,0.09
10876,CONFNO3,157,Peach Belt Conference,13,0.18
10876,CONFNO3,193,Pennsylvania Athletic Conference,1,0.01
10876,CONFNO3,158,Pennsylvania State Athletic Conference,15,0.21
10876,CONFNO3,194,Presidents' Athletic Conference,10,0.14
10876,CONFNO3,353,Red River Athletic Conference,9,0.13
10876,CONFNO3,374,River States,1,0.01
10876,CONFNO3,159,Rocky Mountain Athletic Conference,9,0.13
10876,CONFNO3,196,Skyline Conference,9,0.13
10876,CONFNO3,340,Sooner Athletic Conference,9,0.13
10876,CONFNO3,160,South Atlantic Conference,11,0.16
10876,CONFNO3,130,Southeastern Conference,15,0.21
10876,CONFNO3,368,Southern Athletic Association,8,0.11
10876,CONFNO3,197,Southern California Intercoll Ath Conf,11,0.16
10876,CONFNO3,198,Southern Collegiate Athletic Conference,7,0.1
10876,CONFNO3,131,Southern Conference,7,0.1
10876,CONFNO3,161,Southern Intercollegiate Athletic Conf,12,0.17
10876,CONFNO3,334,Southern States Athletic Conference,10,0.14
10876,CONFNO3,132,Southland Conference,14,0.2
10876,CONFNO3,133,Southwestern Athletic Conference,10,0.14
10876,CONFNO3,195,St. Louis Intercollegiate Ath Conf,10,0.14
10876,CONFNO3,199,State University of New York Ath Conf,7,0.1
10876,CONFNO3,134,Sun Belt Conference,12,0.17
10876,CONFNO3,162,Sunshine State Conference,9,0.13
10876,CONFNO3,120,The Summit League,6,0.09
10876,CONFNO3,317,TranSouth Athletic Conference,1,0.01
10876,CONFNO3,171,USA South Athletic Conference,12,0.17
10876,CONFNO3,200,University Athletic Association,5,0.07
10876,CONFNO3,354,Upper Midwest Athletic Conference,8,0.11
10876,CONFNO3,201,Upstate Collegiate Athletic Association,8,0.11
10876,CONFNO3,136,West Coast Conference,10,0.14
10876,CONFNO3,163,West Virginia Intercollegiate Athletic Conf,2,0.03
10876,CONFNO3,137,Western Athletic Conference,10,0.14
10876,CONFNO3,202,Wisconsin Intercollegiate Ath Conf,9,0.13
10876,CONFNO3,307,Wolverine-Hoosier Athletic Conf,10,0.14
10876,CONFNO3,342,Other,4,0.06
10876,CONFNO3,-1,Not reported,20,0.28
10876,CONFNO3,-2,Not applicable,5874,83.37
10881,SPORT4,1,Yes,1302,18.48
10881,SPORT4,2,No,3730,52.94
10881,SPORT4,-1,Not reported,20,0.28
10881,SPORT4,-2,Not applicable,1994,28.3
10886,CONFNO4,214,Allegheny Mountain Collegiate Conference,7,0.1
10886,CONFNO4,101,America East,9,0.13
10886,CONFNO4,372,American Athletic Conference,10,0.14
10886,CONFNO4,319,American Midwest Conference,10,0.14
10886,CONFNO4,204,American Southwest Conference,12,0.17
10886,CONFNO4,316,Appalachian Athletic Conference,11,0.16
10886,CONFNO4,369,Association of Independent Institutions,9,0.13
10886,CONFNO4,103,Atlantic 10 Conference,14,0.2
10886,CONFNO4,102,Atlantic Coast Conference,15,0.21
10886,CONFNO4,135,Atlantic Sun Conference,8,0.11
10886,CONFNO4,104,Big East Conference,11,0.16
10886,CONFNO4,105,Big Sky Conference,12,0.17
10886,CONFNO4,106,Big South Conference,11,0.16
10886,CONFNO4,107,Big Ten Conference,14,0.2
10886,CONFNO4,108,Big Twelve Conference,10,0.14
10886,CONFNO4,109,Big West Conference,9,0.13
10886,CONFNO4,138,California Collegiate Athletic Assoc,12,0.17
10886,CONFNO4,301,California Pacific Conference,8,0.11
10886,CONFNO4,164,Capital Athletic Conference,10,0.14
10886,CONFNO4,328,Cascade Collegiate Conference,10,0.14
10886,CONFNO4,165,Centennial Conference,10,0.14
10886,CONFNO4,323,Central Atlantic Collegiate Conf,13,0.18
10886,CONFNO4,140,Central Intercollegiate Athletic Assoc,11,0.16
10886,CONFNO4,304,Chicagoland Collegiate Athletic Conf,13,0.18
10886,CONFNO4,166,City University of New York Ath Conf,10,0.14
10886,CONFNO4,167,College Conference of Illinois and Wisc,9,0.13
10886,CONFNO4,110,Colonial Athletic Association,10,0.14
10886,CONFNO4,364,Colonial States Athletic Conference,9,0.13
10886,CONFNO4,168,Commonwealth Coast Conference,10,0.14
10886,CONFNO4,207,Commonwealth Conference,2,0.03
10886,CONFNO4,139,Conference Carolinas,12,0.17
10886,CONFNO4,111,Conference USA,13,0.18
10886,CONFNO4,305,Crossroads League,10,0.14
10886,CONFNO4,112,Division I Independents,1,0.01
10886,CONFNO4,141,Division II Independents,4,0.06
10886,CONFNO4,170,Division III Independents,10,0.14
10886,CONFNO4,151,East Coast Conference,8,0.11
10886,CONFNO4,115,Eastern College Athletic Conference,6,0.09
10886,CONFNO4,172,Empire Eight,9,0.13
10886,CONFNO4,333,Florida Sun Conference,9,0.13
10886,CONFNO4,208,Freedom Conference,2,0.03
10886,CONFNO4,352,Frontier Conference,5,0.07
10886,CONFNO4,302,Golden State Athletic Conference,9,0.13
10886,CONFNO4,367,Great American Conference,12,0.17
10886,CONFNO4,144,Great Lakes Intercollegiate Ath Conf,15,0.21
10886,CONFNO4,145,Great Lakes Valley Conference,15,0.21
10886,CONFNO4,371,Great Midwest Athletic Conference,8,0.11
10886,CONFNO4,174,Great Northeast Athletic Conference,13,0.18
10886,CONFNO4,213,Great Northwest Athletic Conference,9,0.13
10886,CONFNO4,311,Great Plains Athletic Conference,11,0.16
10886,CONFNO4,360,Great South Athletic Conference,2,0.03
10886,CONFNO4,337,Gulf Coast Athletic Conference,7,0.1
10886,CONFNO4,146,Gulf South Conference,12,0.17
10886,CONFNO4,320,Heart of America Athletic Conference,14,0.2
10886,CONFNO4,175,Heartland Collegiate Athletic Conference,10,0.14
10886,CONFNO4,209,Heartland Conference,9,0.13
10886,CONFNO4,122,Horizon League,9,0.13
10886,CONFNO4,303,Independent Far West Region,1,0.01
10886,CONFNO4,308,Independent Great Lakes Region,1,0.01
10886,CONFNO4,318,Independent Mid-South Region,2,0.03
10886,CONFNO4,322,Independent Midwest Region,2,0.03
10886,CONFNO4,327,Independent Northeast Region,1,0.01
10886,CONFNO4,331,Independent Pacific Northwest Region,1,0.01
10886,CONFNO4,335,Independent Southeast Region,6,0.09
10886,CONFNO4,176,Iowa Intercollegiate Athletic Conf,9,0.13
10886,CONFNO4,117,Ivy Group,9,0.13
10886,CONFNO4,309,Kansas Collegiate Athletic Conf,11,0.16
10886,CONFNO4,314,Kentucky Intercollegiate Ath Conf,9,0.13
10886,CONFNO4,361,Landmark Conference,8,0.11
10886,CONFNO4,178,Little East Conference,7,0.1
10886,CONFNO4,147,Lone Star Conference,10,0.14
10886,CONFNO4,179,Massachusetts State College Ath Assoc,7,0.1
10886,CONFNO4,118,Metro Atlantic Athletic Conference,11,0.16
10886,CONFNO4,180,Michigan Intercollegiate Athletic Assoc,9,0.13
10886,CONFNO4,148,Mid-America Intercollegiate Ath Assoc,13,0.18
10886,CONFNO4,119,Mid-American Conference,12,0.17
10886,CONFNO4,121,Mid-Eastern Athletic Conference,13,0.18
10886,CONFNO4,315,Mid-South Conference,9,0.13
10886,CONFNO4,181,Middle Atlantic States Athletic Corporation,12,0.17
10886,CONFNO4,310,Midlands Collegiate Athletic Conf,1,0.01
10886,CONFNO4,182,Midwest Conference,11,0.16
10886,CONFNO4,183,Minnesota Intercollegiate Ath Conf,12,0.17
10886,CONFNO4,123,Missouri Valley Conference,10,0.14
10886,CONFNO4,370,Mountain East Conference,10,0.14
10886,CONFNO4,203,Mountain West Conference,11,0.16
10886,CONFNO4,363,New England Collegiate Conference,9,0.13
10886,CONFNO4,185,New England Small College Ath Conf,11,0.16
10886,CONFNO4,186,New England Women's & Men's Athletic Conference,10,0.14
10886,CONFNO4,187,New Jersey Athletic Conference,7,0.1
10886,CONFNO4,215,North Atlantic Conference,8,0.11
10886,CONFNO4,189,North Coast Athletic Conference,9,0.13
10886,CONFNO4,365,North Eastern Athletic Conference,10,0.14
10886,CONFNO4,373,North Star Athletic Association,6,0.09
10886,CONFNO4,153,Northeast 10 Conference,15,0.21
10886,CONFNO4,125,Northeast Conference,12,0.17
10886,CONFNO4,359,Northern Athletics Conference,13,0.18
10886,CONFNO4,155,Northern Sun Intercollegiate Conference,15,0.21
10886,CONFNO4,205,Northwest Conference,9,0.13
10886,CONFNO4,191,Ohio Athletic Conference,10,0.14
10886,CONFNO4,126,Ohio Valley Conference,12,0.17
10886,CONFNO4,192,Old Dominion Athletic Conference,12,0.17
10886,CONFNO4,156,Pacific West Conference,13,0.18
10886,CONFNO4,127,Pacific-12 Conference,18,0.26
10886,CONFNO4,128,Patriot League,10,0.14
10886,CONFNO4,157,Peach Belt Conference,13,0.18
10886,CONFNO4,193,Pennsylvania Athletic Conference,2,0.03
10886,CONFNO4,158,Pennsylvania State Athletic Conference,17,0.24
10886,CONFNO4,194,Presidents' Athletic Conference,10,0.14
10886,CONFNO4,353,Red River Athletic Conference,9,0.13
10886,CONFNO4,374,River States,2,0.03
10886,CONFNO4,159,Rocky Mountain Athletic Conference,15,0.21
10886,CONFNO4,196,Skyline Conference,10,0.14
10886,CONFNO4,340,Sooner Athletic Conference,10,0.14
10886,CONFNO4,160,South Atlantic Conference,12,0.17
10886,CONFNO4,130,Southeastern Conference,15,0.21
10886,CONFNO4,368,Southern Athletic Association,8,0.11
10886,CONFNO4,197,Southern California Intercoll Ath Conf,12,0.17
10886,CONFNO4,198,Southern Collegiate Athletic Conference,8,0.11
10886,CONFNO4,131,Southern Conference,9,0.13
10886,CONFNO4,161,Southern Intercollegiate Athletic Conf,12,0.17
10886,CONFNO4,334,Southern States Athletic Conference,8,0.11
10886,CONFNO4,132,Southland Conference,13,0.18
10886,CONFNO4,133,Southwestern Athletic Conference,9,0.13
10886,CONFNO4,195,St. Louis Intercollegiate Ath Conf,8,0.11
10886,CONFNO4,199,State University of New York Ath Conf,10,0.14
10886,CONFNO4,134,Sun Belt Conference,12,0.17
10886,CONFNO4,162,Sunshine State Conference,7,0.1
10886,CONFNO4,120,The Summit League,8,0.11
10886,CONFNO4,317,TranSouth Athletic Conference,1,0.01
10886,CONFNO4,171,USA South Athletic Conference,13,0.18
10886,CONFNO4,200,University Athletic Association,9,0.13
10886,CONFNO4,354,Upper Midwest Athletic Conference,8,0.11
10886,CONFNO4,201,Upstate Collegiate Athletic Association,8,0.11
10886,CONFNO4,136,West Coast Conference,8,0.11
10886,CONFNO4,163,West Virginia Intercollegiate Athletic Conf,2,0.03
10886,CONFNO4,137,Western Athletic Conference,8,0.11
10886,CONFNO4,202,Wisconsin Intercollegiate Ath Conf,9,0.13
10886,CONFNO4,307,Wolverine-Hoosier Athletic Conf,10,0.14
10886,CONFNO4,342,Other,7,0.1
10886,CONFNO4,-1,Not reported,20,0.28
10886,CONFNO4,-2,Not applicable,5724,81.24
,,,,,
,,,,,
,,,,,
,,,,,
,,,,,
,,,,,
,,,,,
,,,,,
,,,,,
,,,,,
,,,,,
,,,,,
,,,,,
,,,,,
,,,,,
,,,,,
,,,,,
,,,,,
,,,,,
,,,,,
,,,,,
,,,,,
,,,,,
,,,,,
,,,,,
,,,,,
,,,,,
,,,,,
,,,,,
,,,,,
,,,,,
,,,,,
,,,,,
,,,,,
,,,,,
,,,,,
,,,,,
,,,,,
,,,,,
,,,,,
,,,,,
,,,,,
,,,,,
,,,,,
,,,,,
,,,,,
,,,,,
,,,,,
,,,,,
,,,,,
,,,,,
,,,,,
,,,,,
,,,,,
,,,,,
,,,,,
,,,,,
,,,,,
,,,,,
,,,,,
,,,,,
,,,,,
,,,,,
,,,,,
,,,,,
,,,,,
,,,,,
,,,,,
,,,,,
,,,,,
,,,,,
,,,,,
,,,,,
,,,,,
,,,,,
,,,,,
,,,,,
,,,,,
,,,,,
,,,,,
,,,,,
,,,,,
,,,,,
,,,,,
,,,,,
,,,,,
,,,,,
,,,,,
,,,,,
,,,,,
,,,,,
,,,,,
,,,,,
,,,,,
,,,,,
,,,,,
,,,,,
,,,,,
,,,,,
,,,,,
,,,,,
,,,,,
,,,,,
,,,,,
,,,,,
,,,,,
,,,,,
,,,,,
,,,,,
,,,,,
,,,,,
,,,,,
,,,,,
,,,,,
,,,,,
,,,,,
,,,,,
,,,,,
,,,,,
,,,,,
,,,,,
,,,,,
,,,,,
,,,,,
,,,,,
,,,,,
,,,,,
,,,,,
,,,,,
,,,,,
,,,,,
,,,,,
,,,,,
,,,,,
,,,,,
,,,,,
,,,,,
,,,,,
,,,,,
,,,,,
,,,,,
,,,,,
,,,,,
,,,,,
,,,,,
,,,,,
,,,,,
,,,,,
,,,,,
,,,,,
,,,,,
,,,,,
,,,,,
,,,,,
,,,,,
,,,,,
,,,,,
,,,,,
,,,,,
,,,,,
,,,,,
,,,,,
,,,,,
,,,,,
,,,,,
,,,,,
,,,,,
,,,,,
,,,,,
,,,,,
,,,,,
,,,,,
,,,,,
,,,,,
,,,,,
,,,,,
,,,,,
,,,,,
,,,,,
,,,,,
,,,,,
,,,,,
,,,,,
,,,,,
,,,,,
,,,,,
,,,,,
,,,,,
,,,,,
,,,,,
,,,,,
,,,,,
,,,,,
,,,,,
,,,,,
,,,,,
,,,,,
,,,,,
,,,,,
,,,,,
,,,,,
,,,,,
,,,,,
,,,,,
,,,,,
,,,,,
,,,,,
,,,,,
,,,,,
,,,,,
,,,,,
,,,,,
,,,,,
,,,,,
,,,,,
,,,,,
,,,,,
,,,,,
,,,,,
,,,,,
,,,,,
,,,,,
,,,,,
,,,,,
,,,,,
,,,,,
,,,,,
,,,,,
,,,,,
,,,,,
,,,,,
,,,,,
,,,,,
,,,,,
,,,,,
,,,,,
,,,,,
,,,,,
,,,,,
,,,,,
,,,,,
,,,,,
,,,,,
,,,,,
,,,,,
,,,,,
,,,,,
,,,,,
,,,,,
,,,,,
,,,,,
,,,,,
,,,,,
,,,,,
,,,,,
,,,,,
,,,,,
,,,,,
,,,,,
,,,,,
,,,,,
,,,,,
,,,,,
,,,,,
,,,,,
,,,,,
,,,,,
,,,,,
,,,,,
,,,,,
,,,,,
,,,,,
,,,,,
,,,,,
,,,,,
,,,,,
,,,,,
,,,,,
,,,,,
,,,,,
,,,,,
,,,,,
,,,,,
,,,,,
,,,,,
,,,,,
,,,,,
,,,,,
,,,,,
,,,,,
,,,,,
,,,,,
,,,,,
,,,,,
,,,,,
,,,,,
,,,,,
,,,,,
,,,,,
,,,,,
,,,,,
,,,,,
,,,,,
,,,,,
,,,,,
,,,,,
,,,,,
,,,,,
,,,,,
,,,,,
,,,,,
,,,,,
,,,,,
,,,,,
,,,,,
,,,,,
,,,,,
,,,,,
,,,,,
,,,,,
,,,,,
,,,,,
,,,,,
,,,,,
,,,,,
,,,,,
,,,,,
,,,,,
,,,,,
,,,,,
,,,,,
,,,,,
,,,,,
,,,,,
,,,,,
,,,,,
,,,,,
,,,,,
,,,,,
,,,,,
,,,,,
,,,,,
,,,,,
,,,,,
,,,,,
,,,,,
,,,,,
,,,,,
,,,,,
,,,,,
,,,,,
,,,,,
,,,,,
,,,,,
,,,,,
,,,,,
,,,,,
,,,,,
,,,,,
,,,,,
,,,,,
,,,,,
,,,,,
,,,,,
,,,,,
,,,,,
,,,,,
,,,,,
,,,,,
,,,,,
,,,,,
,,,,,
,,,,,
,,,,,
,,,,,
,,,,,
,,,,,
,,,,,
,,,,,
,,,,,
,,,,,
,,,,,
,,,,,
,,,,,
,,,,,
,,,,,
,,,,,
,,,,,
,,,,,
,,,,,
,,,,,
,,,,,
,,,,,
,,,,,
,,,,,
,,,,,
,,,,,
,,,,,
,,,,,
,,,,,
,,,,,
,,,,,
,,,,,
,,,,,
,,,,,
,,,,,
,,,,,
,,,,,
,,,,,
,,,,,
,,,,,
,,,,,
,,,,,
,,,,,
,,,,,
,,,,,
,,,,,
,,,,,
,,,,,
,,,,,
,,,,,
,,,,,
,,,,,
,,,,,
,,,,,
,,,,,
,,,,,
,,,,,
,,,,,
,,,,,
,,,,,
,,,,,
,,,,,
,,,,,
,,,,,
,,,,,
,,,,,
,,,,,
,,,,,
,,,,,
,,,,,
,,,,,
,,,,,
,,,,,
,,,,,
,,,,,
,,,,,
,,,,,
,,,,,
,,,,,
,,,,,
,,,,,
,,,,,
,,,,,
,,,,,
,,,,,
,,,,,
,,,,,
,,,,,
,,,,,
,,,,,
,,,,,
,,,,,
,,,,,
,,,,,
,,,,,
,,,,,
,,,,,
,,,,,
,,,,,
,,,,,
,,,,,
,,,,,
,,,,,
,,,,,
,,,,,
,,,,,
,,,,,
,,,,,
,,,,,
,,,,,
,,,,,
,,,,,
,,,,,
,,,,,
,,,,,
,,,,,
,,,,,
,,,,,
,,,,,
,,,,,
,,,,,
,,,,,
,,,,,
,,,,,
,,,,,